at,label
2026-10-07T18:00:00+00:00,FOMC-notulen (septembervergadering)
2026-10-14T12:30:00+00:00,CPI inflatie (september)
2026-10-15T12:30:00+00:00,PPI producentenprijzen (september)
2026-10-15T12:30:00+00:00,Detailhandelsverkopen VS (september)
2026-10-28T18:00:00+00:00,FOMC rentebesluit
2026-10-29T12:30:00+00:00,BBP VS Q3 (eerste raming)
2026-10-29T12:30:00+00:00,PCE inflatie (september)
2026-10-30T12:30:00+00:00,Arbeidskosten ECI (Q3)
2026-11-06T13:30:00+00:00,Banenrapport VS (oktober)
2026-11-10T13:30:00+00:00,CPI inflatie (oktober)
2026-11-17T13:30:00+00:00,Detailhandelsverkopen VS (oktober)
2026-11-18T19:00:00+00:00,FOMC-notulen (oktobervergadering)
2026-11-25T13:30:00+00:00,PCE inflatie (oktober)
2026-12-04T13:30:00+00:00,Banenrapport VS (november)
2026-12-09T19:00:00+00:00,FOMC rentebesluit met nieuwe projecties
2026-12-10T13:30:00+00:00,CPI inflatie (november)
2026-12-16T13:30:00+00:00,Detailhandelsverkopen VS (november)
2026-12-23T13:30:00+00:00,PCE inflatie (november)
